User,Date,Review
C***.,15 Jan 2025,"Durability:OK
 Comfort:good
 Style:good
Lightweight and comfortable to wear, Perfect for outdoor activities,"
afendi,07 Nov 2024,"Durability:Provides good support for feet, Vibrant color options, Perfect for outdoor activities, Great fit and true to size,"
Azam S.,08 Feb 2025,"Durability:  Lightweight and comfortable to wear, 
 Comfort:  Comfortable and stylish design, 
 Style:  Perfect for outdoor activities,"
guest,07 Feb 2025,"SANGAT BERBALOI! cantik sangat"" penghantarn pon cepat sampai order kelmarin harini sampai.sesuai dengan expectation kitaaGreat value for money,"
T***.,19 Jan 2025,"Excellent quality materials, comfortable and stylish design, nice and size fit well, like it thank you"
T***.,19 Jan 2025,"Excellent quality materials, great value for money, 
comfortable to wear and size fit my daughter well, like it thank you"
Y***.,2 weeks ago,Fast delivery and item received in good condition. Thanks seller.
A***.,08 Jan 2025,barang dah sampai..laju gilerrr..cantik..ank saya suka..nak pakai masa dinner skull..nt nk oder warna putih pulak..tq tuan kedaii..tq riderrr..
Lilo-Lulu,2 weeks ago,nice and fast delivery üëçüèªüëçüèª
*******050,10 Dec 2024,"Provides good support for feet, Comfortable and stylish design, Excellent quality materials, Vibrant color options, Great fit and true to size,"
H***t,14 Jan 2025,"Great value for money, Great fit and true to size, ........."
0***4,20 Nov 2024,"Durability:very good 
 Comfort:nice good
 Style:very good
nice very good
looks styles very good"
C***.,26 Dec 2024,"Great value for money, Great fit and true to size, will repeat order."
Imran S.,17 Sep 2023,"Penghantaran cepat dan pembungkusan selamat, bungkus dalam plastik saje, harga murah dan produk berkualiti tinggi. Terima kasih bo55ku"
Ratu K.,15 Nov 2024,"Lightweight and comfortable to wear, Provides good support for feet, Comfortable and stylish design, Great fit and true to size, Durable and long-lasting, Great value for money, Vibrant color options, Excellent quality materials,"
Tanpa N.,10 Sep 2023,"yoshhhh kasut sudah sampai dalam keadaan baik penghantaran pantas barang baik boss berbaloi baloi beli
recommended"
siti N.,04 Sep 2023,"Material:very gud
 Size:true size
 Design:not bad I like it
sangat sangat cantik saye beli rm7.45 jer..hihiii murah murah.."
B***.,05 Nov 2024,"Great value for money, Durable and long-lasting, Durable and long-lasting, Perfect for outdoor activities, Perfect for outdoor activities, Great fit and true to size, Great fit and true to size, Great fit and true to size, Perfect for outdoor activities, Perfect for outdoor activities,"
Md A.,08 Nov 2024,"Vibrant color options, Comfortable and stylish design, Lightweight and comfortable to wear, Great value for money,"
Tan G.,02 Jan 2025,Âπ≥Êó∂ÊòØÁ©ø39Âè∑ÔºåÂ•ΩÂΩ©‰π∞40Âè∑ÔºåËàíÊúç‰∫õÔºåË∞¢Ë∞¢ÂçñÂÆ∂„ÄÇ„ÄÇ„ÄÇ„ÄÇ„ÄÇ„ÄÇ„ÄÇ„ÄÇ„ÄÇ„ÄÇ„ÄÇ„ÄÇ„ÄÇ„ÄÇ„ÄÇ„ÄÇ„ÄÇ„ÄÇ„ÄÇ„ÄÇ„ÄÇ„ÄÇ„ÄÇ„ÄÇ„ÄÇ„ÄÇ„ÄÇ
H***.,21 Nov 2024,"Excellent quality materials, Great value for money, Comfortable and stylish design,"
KALAI S.,27 Jan 2025,"Great value for money,"
0***8,07 Feb 2025,Good condition
Tutul D.,04 Dec 2024,"Comfort:Perfect for outdoor activities, Durable and long-lasting"
KALAI S.,27 Jan 2025,good quality üëç
